Workbook

Sheet Grating
A1: Slit form and type | B1: Period, μm | C1: Duty factor | D1: Slit depth, mm | E1: Refractive index
A2: 2D,square, | B2: 100 | C2: 0.5 | D2: =0.5*0.0007 -> 0.00035 | E2: 1.4738 | F2: -25.593
A3: =+A2 -> 2D,square, | B3: =+B2 -> 100 | C3: =+C2 -> 0.5 | D3: =+D2 -> 0.00035 | E3: =+E2 -> 1.4738 | F3: -25.593
A4: =+A3 -> 2D,square, | B4: =+B3 -> 100 | C4: =+C3 -> 0.5 | D4: =+D3 -> 0.00035 | E4: =+E3 -> 1.4738 | F4: -25.593
A5: =+A4 -> 2D,square, | B5: =+B4 -> 100 | C5: =+C4 -> 0.5 | D5: =+D4 -> 0.00035 | E5: =+E4 -> 1.4738 | F5: -25.593
A6: =+A5 -> 2D,square, | B6: =+B5 -> 100 | C6: =+C5 -> 0.5 | D6: =+D5 -> 0.00035 | E6: =+E5 -> 1.4738 | F6: -25.593
A7: =+A6 -> 2D,square, | B7: =+B6 -> 100 | C7: =+C6 -> 0.5 | D7: =+D6 -> 0.00035 | E7: =+E6 -> 1.4738 | F7: -25.593
A8: =+A7 -> 2D,square, | B8: =+B7 -> 100 | C8: =+C7 -> 0.5 | D8: =+D7 -> 0.00035 | E8: =+E7 -> 1.4738 | F8: -25.593
A9: =+A8 -> 2D,square, | B9: =+B8 -> 100 | C9: =+C8 -> 0.5 | D9: =+D8 -> 0.00035 | E9: =+E8 -> 1.4738 | F9: -25.593
A10: =+A9 -> 2D,square, | B10: =+B9 -> 100 | C10: =+C9 -> 0.5 | D10: =+D9 -> 0.00035 | E10: =+E9 -> 1.4738 | F10: -25.593
A11: =+A10 -> 2D,square, | B11: =+B10 -> 100 | C11: =+C10 -> 0.5 | D11: =+D10 -> 0.00035 | E11: =+E10 -> 1.4738 | F11: -25.593
A12: =+A11 -> 2D,square, | B12: =+B11 -> 100 | C12: =+C11 -> 0.5 | D12: =+D11 -> 0.00035 | E12: =+E11 -> 1.4738 | F12: -25.593
A13: =+A12 -> 2D,square, | B13: =+B12 -> 100 | C13: =+C12 -> 0.5 | D13: =+D12 -> 0.00035 | E13: =+E12 -> 1.4738 | F13: -24.593
A14: =+A13 -> 2D,square, | B14: =+B13 -> 100 | C14: =+C13 -> 0.5 | D14: =+D13 -> 0.00035 | E14: =+E13 -> 1.4738 | F14: -23.593
... A22: =+A21 -> 2D,square, | B22: =+B21 -> 100 | C22: =+C21 -> 0.5 | D22: =+D21 -> 0.00035 | E22: =+E21 -> 1.4738 | F22: -15.593

Sheet Beam
A1: Wavelength, nm | B1: Band width, % | C1: Intensity, W/mm² | D1: Pulse width, ps | E1: Pulse chirp | F1: Refractive index
A2: 500 | B2: 0 | C2: 1 | E2: 0 | F2: 1.4738 | G2: -25.593
A3: =+A2 -> 500 | B3: =+B2+1 -> 1 | C3: =+C2 -> 1 | E3: 0 | F3: =+F2 -> 1.4738 | G3: =+G2 -> -25.593
A4: =+A3 -> 500 | B4: =+B3+1 -> 2 | C4: =+C3 -> 1 | E4: 0 | F4: =+F3 -> 1.4738 | G4: =+G3 -> -25.593
A5: =+A4 -> 500 | B5: =+B4+1 -> 3 | C5: =+C4 -> 1 | E5: 0 | F5: =+F4 -> 1.4738 | G5: =+G4 -> -25.593
A6: =+A5 -> 500 | B6: =+B5+1 -> 4 | C6: =+C5 -> 1 | E6: 0 | F6: =+F5 -> 1.4738 | G6: =+G5 -> -25.593
A7: =+A6 -> 500 | B7: =+B6+1 -> 5 | C7: =+C6 -> 1 | E7: 0 | F7: =+F6 -> 1.4738 | G7: =+G6 -> -25.593
A8: =+A7 -> 500 | B8: =+B7+1 -> 6 | C8: =+C7 -> 1 | E8: 0 | F8: =+F7 -> 1.4738 | G8: =+G7 -> -25.593
A9: =+A8 -> 500 | B9: =+B8+1 -> 7 | C9: =+C8 -> 1 | E9: 0 | F9: =+F8 -> 1.4738 | G9: =+G8 -> -25.593
A10: =+A9 -> 500 | B10: =+B9+1 -> 8 | C10: =+C9 -> 1 | E10: 0 | F10: =+F9 -> 1.4738 | G10: =+G9 -> -25.593
A11: =+A10 -> 500 | B11: =+B10+1 -> 9 | C11: =+C10 -> 1 | E11: 0 | F11: =+F10 -> 1.4738 | G11: =+G10 -> -25.593
A12: =+A11 -> 500 | B12: =+B11+1 -> 10 | C12: =+C11 -> 1 | E12: 0 | F12: =+F11 -> 1.4738 | G12: =+G11 -> -25.593
A13: =+A12 -> 500 | B13: =+B12+1 -> 11 | C13: =+C12 -> 1 | E13: 1 | F13: =+F12 -> 1.4738 | G13: =+G12 -> -25.593
A14: =+A13 -> 500 | B14: =+B13+1 -> 12 | C14: =+C13 -> 1 | E14: 2 | F14: =+F13 -> 1.4738 | G14: =+G13 -> -25.593
... A22: =+A21 -> 500 | B22: =+B21+1 -> 20 | C22: =+C21 -> 1 | E22: 10 | F22: =+F21 -> 1.4738 | G22: =+G21 -> -25.593

Sheet Beam.X
A1: Gaussian waist, mm⁻¹ | B1: Beam aperture, mm⁻¹ | C1: Incidence angle, mrad | D1: Wavefront curvature, mm⁻¹ | E1: Aberration function
A2: 0 | B2: 0 | C2: 0 | D2: 0
A3: =+A2 -> 0 | B3: =+B2 -> 0 | C3: =+C2 -> 0 | D3: =+D2 -> 0
A4: =+A3 -> 0 | B4: =+B3 -> 0 | C4: =+C3 -> 0 | D4: =+D3 -> 0
A5: =+A4 -> 0 | B5: =+B4 -> 0 | C5: =+C4 -> 0 | D5: =+D4 -> 0
A6: =+A5 -> 0 | B6: =+B5 -> 0 | C6: =+C5 -> 0 | D6: =+D5 -> 0
A7: =+A6 -> 0 | B7: =+B6 -> 0 | C7: =+C6 -> 0 | D7: =+D6 -> 0
A8: =+A7 -> 0 | B8: =+B7 -> 0 | C8: =+C7 -> 0 | D8: =+D7 -> 0
A9: =+A8 -> 0 | B9: =+B8 -> 0 | C9: =+C8 -> 0 | D9: =+D8 -> 0
A10: =+A9 -> 0 | B10: =+B9 -> 0 | C10: =+C9 -> 0 | D10: =+D9 -> 0
A11: =+A10 -> 0 | B11: =+B10 -> 0 | C11: =+C10 -> 0 | D11: =+D10 -> 0
A12: =+A11 -> 0 | B12: =+B11 -> 0 | C12: =+C11 -> 0 | D12: =+D11 -> 0
A13: =+A12 -> 0 | B13: =+B12 -> 0 | C13: =+C12 -> 0 | D13: =+D12 -> 0
A14: =+A13 -> 0 | B14: =+B13 -> 0 | C14: =+C13 -> 0 | D14: =+D13 -> 0
... A22: =+A21 -> 0 | B22: =+B21 -> 0 | C22: =+C21 -> 0 | D22: =+D21 -> 0

Sheet Beam.Y
A1: Gaussian waist, mm⁻¹ | B1: Beam aperture, mm⁻¹ | C1: Incidence angle, mrad | D1: Wavefront curvature, mm⁻¹ | E1: Aberration function
A2: 0 | B2: 0 | C2: 0 | D2: =+Beam.X!D2 -> 0
A3: =+A2 -> 0 | B3: =+B2 -> 0 | C3: =+C2 -> 0 | D3: =+Beam.X!D3 -> 0
A4: =+A3 -> 0 | B4: =+B3 -> 0 | C4: =+C3 -> 0 | D4: =+Beam.X!D4 -> 0
A5: =+A4 -> 0 | B5: =+B4 -> 0 | C5: =+C4 -> 0 | D5: =+Beam.X!D5 -> 0
A6: =+A5 -> 0 | B6: =+B5 -> 0 | C6: =+C5 -> 0 | D6: =+Beam.X!D6 -> 0
A7: =+A6 -> 0 | B7: =+B6 -> 0 | C7: =+C6 -> 0 | D7: =+Beam.X!D7 -> 0
A8: =+A7 -> 0 | B8: =+B7 -> 0 | C8: =+C7 -> 0 | D8: =+Beam.X!D8 -> 0
A9: =+A8 -> 0 | B9: =+B8 -> 0 | C9: =+C8 -> 0 | D9: =+Beam.X!D9 -> 0
A10: =+A9 -> 0 | B10: =+B9 -> 0 | C10: =+C9 -> 0 | D10: =+Beam.X!D10 -> 0
A11: =+A10 -> 0 | B11: =+B10 -> 0 | C11: =+C10 -> 0 | D11: =+Beam.X!D11 -> 0
A12: =+A11 -> 0 | B12: =+B11 -> 0 | C12: =+C11 -> 0 | D12: =+Beam.X!D12 -> 0
A13: =+A12 -> 0 | B13: =+B12 -> 0 | C13: =+C12 -> 0 | D13: =+Beam.X!D13 -> 0
A14: =+A13 -> 0 | B14: =+B13 -> 0 | C14: =+C13 -> 0 | D14: =+Beam.X!D14 -> 0
... A22: =+A21 -> 0 | B22: =+B21 -> 0 | C22: =+C21 -> 0 | D22: =+Beam.X!D22 -> 0

Sheet Psd
A1: Distance, mm | B1: Image aperture, mm | C1: Lateral step, μm | D1: Step division
A2: 40 | B2: 2 | C2: 5 | D2: 40
A3: =+A2 -> 40 | B3: =+B2 -> 2 | C3: =+C2 -> 5 | D3: =+D2 -> 40
A4: =+A3 -> 40 | B4: =+B3 -> 2 | C4: =+C3 -> 5 | D4: =+D3 -> 40
A5: =+A4 -> 40 | B5: =+B4 -> 2 | C5: =+C4 -> 5 | D5: =+D4 -> 40
A6: =+A5 -> 40 | B6: =+B5 -> 2 | C6: =+C5 -> 5 | D6: =+D5 -> 40
A7: =+A6 -> 40 | B7: =+B6 -> 2 | C7: =+C6 -> 5 | D7: =+D6 -> 40
A8: =+A7 -> 40 | B8: =+B7 -> 2 | C8: =+C7 -> 5 | D8: =+D7 -> 40
A9: =+A8 -> 40 | B9: =+B8 -> 2 | C9: =+C8 -> 5 | D9: =+D8 -> 40
A10: =+A9 -> 40 | B10: =+B9 -> 2 | C10: =+C9 -> 5 | D10: =+D9 -> 40
A11: =+A10 -> 40 | B11: =+B10 -> 2 | C11: =+C10 -> 5 | D11: =+D10 -> 40
A12: =+A11 -> 40 | B12: =+B11 -> 2 | C12: =+C11 -> 5 | D12: =+D11 -> 40
A13: =+A12 -> 40 | B13: =+B12 -> 2 | C13: =+C12 -> 5 | D13: =+D12 -> 40
A14: =+A13 -> 40 | B14: =+B13 -> 2 | C14: =+C13 -> 5 | D14: =+D13 -> 40
... A22: =+A21 -> 40 | B22: =+B21 -> 2 | C22: =+C21 -> 5 | D22: =+D21 -> 40

Sheet Add
A1: Accuracy, % | B1: Debug data | C1: Save data
A2: 0.05 | B2: Y | C2: Y
A3: =+A2 -> 0.05 | B3: =+B2 -> Y | C3: =+C2 -> Y
A4: =+A3 -> 0.05 | B4: =+B3 -> Y | C4: =+C3 -> Y
A5: =+A4 -> 0.05 | B5: =+B4 -> Y | C5: =+C4 -> Y
A6: =+A5 -> 0.05 | B6: =+B5 -> Y | C6: =+C5 -> Y
A7: =+A6 -> 0.05 | B7: =+B6 -> Y | C7: =+C6 -> Y
A8: =+A7 -> 0.05 | B8: =+B7 -> Y | C8: =+C7 -> Y
A9: =+A8 -> 0.05 | B9: =+B8 -> Y | C9: =+C8 -> Y
A10: =+A9 -> 0.05 | B10: =+B9 -> Y | C10: =+C9 -> Y
A11: =+A10 -> 0.05 | B11: =+B10 -> Y | C11: =+C10 -> Y
A12: =+A11 -> 0.05 | B12: =+B11 -> Y | C12: =+C11 -> Y
A13: =+A12 -> 0.05 | B13: =+B12 -> Y | C13: =+C12 -> Y
A14: =+A13 -> 0.05 | B14: =+B13 -> Y | C14: =+C13 -> Y
... A22: =+A21 -> 0.05 | B22: =+B21 -> Y | C22: =+C21 -> Y

Sheet Dependencies
A1: List of dependencies
